[{"id":"5fdcc498-f9df-4fa5-b35d-487a59f0fecc","name":"2Kids Brewing Company","brewery_type":"micro","address_1":"8680 Miralani Dr Ste 123","address_2":null,"address_3":null,"city":"San Diego","state_province":"California","postal_code":"92126-6391","country":"United States","longitude":-117.137429,"latitude":32.896584,"phone":"8584805437","website_url":"http:\/\/www.2kidsBrewing.com","state":"California","street":"8680 Miralani Dr Ste 123"},{"id":"4db32843-26ff-4e73-9e24-1cb874109b24","name":"Abnormal Beer Company","brewery_type":"micro","address_1":"16990 Via Tazon Ste 123","address_2":null,"address_3":null,"city":"San Diego","state_province":"California","postal_code":"92127-1649","country":"United States","longitude":-117.08575,"latitude":33.02391,"phone":"8586182463","website_url":"http:\/\/abnormalbeer.co","state":"California","street":"16990 Via Tazon Ste 123"},{"id":"68b447a3-c65c-459f-8d02-334757bc6f71","name":"Align Brewing Co","brewery_type":"micro","address_1":"8680 Miralani Dr","address_2":null,"address_3":null,"city":"San Diego","state_province":"California","postal_code":"92126-6300","country":"United States","longitude":-117.137429,"latitude":32.896584,"phone":null,"website_url":"http:\/\/www.facebook.com\/alignbrewing","state":"California","street":"8680 Miralani Dr"},{"id":"728f9750-1c56-48be-9f96-b26d04215958","name":"Alta Brewing Company","brewery_type":"micro","address_1":"1983 Julian Avenue","address_2":null,"address_3":null,"city":"San Diego","state_province":"California","postal_code":"92113-1125","country":"United States","longitude":-117.1414712,"latitude":32.7018758,"phone":"6197957300","website_url":"http:\/\/www.altabrewing.com","state":"California","street":"1983 Julian Avenue"},{"id":"bfb84336-c1e4-48e9-9d05-4a412b60e967","name":"Barn Brewery","brewery_type":"micro","address_1":"2850 El Cajon Blvd Ste 3","address_2":null,"address_3":null,"city":"San Diego","state_province":"California","postal_code":"92104-1389","country":"United States","longitude":-117.1324165,"latitude":32.75568723,"phone":"6199558228","website_url":"http:\/\/www.thebarnbrew.com","state":"California","street":"2850 El Cajon Blvd Ste 3"},{"id":"ee153c57-00c1-4321-8ae7-473a3cb65fa2","name":"Bay City Brewing Co.","brewery_type":"micro","address_1":"3760 Hancock St","address_2":null,"address_3":null,"city":"San Diego","state_province":"California","postal_code":"92110","country":"United States","longitude":-117.2117833,"latitude":32.7580759,"phone":"6197274926","website_url":"http:\/\/www.baycitybrewingco.com","state":"California","street":"3760 Hancock St"},{"id":"3169d94b-9531-4639-8eea-54f94d72eace","name":"Bitter Brothers Brewing Co.","brewery_type":"micro","address_1":"4170 Morena Blvd Ste F","address_2":null,"address_3":null,"city":"San Diego","state_province":"California","postal_code":"92117-5252","country":"United States","longitude":-117.2202906,"latitude":32.81614831,"phone":"6199616690","website_url":"http:\/\/www.bitterbrothers.com","state":"California","street":"4170 Morena Blvd Ste F"},{"id":"b28d3c64-b98d-4c97-a1bd-ab2465b0dbdb","name":"Border X Brewing","brewery_type":"micro","address_1":"2181 Logan Ave","address_2":null,"address_3":null,"city":"San Diego","state_province":"California","postal_code":"92113-2203","country":"United States","longitude":-117.1397541,"latitude":32.6982174,"phone":"6195010503","website_url":"http:\/\/www.borderxbrewing.com","state":"California","street":"2181 Logan Ave"},{"id":"1e40495c-ca51-455d-a24b-6769efc04060","name":"Circle 9 Brewing","brewery_type":"micro","address_1":"7292 Opportunity Rd Ste C","address_2":null,"address_3":null,"city":"San Diego","state_province":"California","postal_code":"92111-2223","country":"United States","longitude":-117.160822,"latitude":32.82600737,"phone":"8582569462","website_url":"https:\/\/ataraxiaaleworks.com\/","state":"California","street":"7292 Opportunity Rd Ste C"},{"id":"151d81b1-6d9b-4c31-80da-c8005d5e6205","name":"Citizen Brewers","brewery_type":"micro","address_1":"5837 Mission Gorge Rd Ste A","address_2":null,"address_3":null,"city":"San Diego","state_province":"California","postal_code":"92120-4060","country":"United States","longitude":-117.1003579,"latitude":32.78109987,"phone":"7605877989","website_url":"http:\/\/www.citizenbrewers.com","state":"California","street":"5837 Mission Gorge Rd Ste A"},{"id":"f17f30c2-ad58-4d64-adee-493df68df07d","name":"Council Brewing - Magic Factory","brewery_type":"micro","address_1":"7705 Convoy Ct","address_2":null,"address_3":null,"city":"San Diego","state_province":"California","postal_code":"92111-1113","country":"United States","longitude":-117.1544092,"latitude":32.83466296,"phone":"8582560038","website_url":null,"state":"California","street":"7705 Convoy Ct"},{"id":"4c805f48-4d8e-4ec5-81f5-7585daa8a34f","name":"Council Brewing Company","brewery_type":"micro","address_1":"7705 Convoy Ct","address_2":null,"address_3":null,"city":"San Diego","state_province":"California","postal_code":"92111-1105","country":"United States","longitude":-117.1544092,"latitude":32.83466296,"phone":"8582560038","website_url":"http:\/\/www.councilbrew.com","state":"California","street":"7705 Convoy Ct"},{"id":"0338af09-60df-4e16-9fd6-89d3033c9cc2","name":"Deft Brewing","brewery_type":"micro","address_1":"5328 Banks St","address_2":null,"address_3":null,"city":"San Diego","state_province":"California","postal_code":"92110-4008","country":"United States","longitude":-117.1993433,"latitude":32.76435432,"phone":"8589995728","website_url":"http:\/\/www.deftbrewing.com","state":"California","street":"5328 Banks St"},{"id":"887c1eb4-f403-4081-9dff-e8d0867b04ed","name":"Division 23 Brewing","brewery_type":"micro","address_1":"7408 Trade St","address_2":null,"address_3":null,"city":"San Diego","state_province":"California","postal_code":"92121-3415","country":"United States","longitude":-117.162908,"latitude":32.890353,"phone":"8587521924","website_url":"http:\/\/www.division23brewing.com","state":"California","street":"7408 Trade St"},{"id":"420b93d8-d15a-4db9-a072-28e22de5f1a9","name":"Duck Foot Brewing Co.","brewery_type":"micro","address_1":"8920 Kenamar Dr Ste 210","address_2":null,"address_3":null,"city":"San Diego","state_province":"California","postal_code":"92121-2454","country":"United States","longitude":-117.1562181,"latitude":32.88474835,"phone":"8584337916","website_url":"http:\/\/www.duckfootbeer.com","state":"California","street":"8920 Kenamar Dr Ste 210"},{"id":"c4a5b92c-1d16-44f2-99ac-f7fecb759dc9","name":"Eppig Brewing","brewery_type":"micro","address_1":"3052 El Cajon Blvd Ste 103","address_2":null,"address_3":null,"city":"San Diego","state_province":"California","postal_code":"92104-1399","country":"United States","longitude":-117.128732,"latitude":32.755723,"phone":"6195011840","website_url":"http:\/\/www.eppigbrewing.com","state":"California","street":"3052 El Cajon Blvd Ste 103"},{"id":"ce39a577-ce79-4328-9251-faa66bd7ffa7","name":"Fall Brewing Company","brewery_type":"micro","address_1":"4542 30th St","address_2":null,"address_3":null,"city":"San Diego","state_province":"California","postal_code":"92116-4247","country":"United States","longitude":-117.1302802,"latitude":32.75997514,"phone":"6195010903","website_url":"http:\/\/www.fallbrewing.com","state":"California","street":"4542 30th St"},{"id":"fff96f3c-0248-4381-bc2a-9cdae3190fc3","name":"Home Brewing Co.","brewery_type":"micro","address_1":"2911 El Cajon Blvd # 2","address_2":null,"address_3":null,"city":"San Diego","state_province":"California","postal_code":"92104-1204","country":"United States","longitude":-117.131109,"latitude":32.755029,"phone":"6194506165","website_url":"http:\/\/www.thehomebrewerssd.com","state":"California","street":"2911 El Cajon Blvd # 2"},{"id":"e3867dfa-d22e-4091-996a-725df25409d3","name":"Intergalactic Brewing Co","brewery_type":"micro","address_1":"9715 Carroll Centre Rd #107","address_2":null,"address_3":null,"city":"San Diego","state_province":"California","postal_code":"92126-6507","country":"United States","longitude":-117.1223493,"latitude":32.89873279,"phone":"8587500601","website_url":"http:\/\/www.intergalacticbrew.com","state":"California","street":"9715 Carroll Centre Rd #107"},{"id":"bebd0907-2a5a-4bb5-9a9a-1ff1cbb8bd0d","name":"Kilowatt Brewing","brewery_type":"micro","address_1":"7576 Clairemont Mesa Blvd","address_2":null,"address_3":null,"city":"San Diego","state_province":"California","postal_code":"92111-1504","country":"United States","longitude":-117.208801,"latitude":32.8276353,"phone":"8587153998","website_url":"http:\/\/www.kilowatt.beer","state":"California","street":"7576 Clairemont Mesa Blvd"},{"id":"bd87d056-d676-4efa-bb1c-ee3541aa1478","name":"Knotty Brewing Co","brewery_type":"micro","address_1":"842 Market St","address_2":null,"address_3":null,"city":"San Diego","state_province":"California","postal_code":"92101-6425","country":"United States","longitude":-117.127434,"latitude":32.711658,"phone":"6192694337","website_url":"http:\/\/www.knottybrewing.com","state":"California","street":"842 Market St"},{"id":"557f528d-1b5e-40ee-bc7c-faeaba038bd6","name":"Latchkey Brewing Co","brewery_type":"micro","address_1":"1795 Hancock St Mission Brewery Plaza","address_2":null,"address_3":null,"city":"San Diego","state_province":"California","postal_code":"92110-2006","country":"United States","longitude":-117.1836532,"latitude":32.74209039,"phone":"9165551212","website_url":"http:\/\/www.latchkeybrew.com","state":"California","street":"1795 Hancock St Mission Brewery Plaza"},{"id":"0917c834-47a2-4156-9f17-9eeeb16e7f7d","name":"Little Miss Brewing","brewery_type":"micro","address_1":"7949 Stromesa Ct Ste Y","address_2":null,"address_3":null,"city":"San Diego","state_province":"California","postal_code":"92126-6338","country":"United States","longitude":-117.148488,"latitude":32.89183,"phone":"6198802752","website_url":"http:\/\/www.littlemissbrewing.com","state":"California","street":"7949 Stromesa Ct Ste Y"},{"id":"d2faf757-7ac9-4864-af86-f34beff36f11","name":"Mike Hess Brewing","brewery_type":"micro","address_1":"3812 Grim Ave","address_2":null,"address_3":null,"city":"San Diego","state_province":"California","postal_code":"92104-3602","country":"United States","longitude":-117.12854,"latitude":32.747711,"phone":"6192557136","website_url":null,"state":"California","street":"3812 Grim Ave"},{"id":"084aeeb4-c3dd-4f83-9d43-732e9bac41d2","name":"Mike Hess Brewing - Miramar","brewery_type":"micro","address_1":"7955 Silverton Ave Ste 1201","address_2":null,"address_3":null,"city":"San Diego","state_province":"California","postal_code":"92126-6357","country":"United States","longitude":-117.1518284,"latitude":32.89080081,"phone":"6198876453","website_url":"http:\/\/www.hessbrewing.com","state":"California","street":"7955 Silverton Ave Ste 1201"},{"id":"385a2831-a7d5-4d07-bcff-d9d3312c571c","name":"Mikkeller Brewing San Diego","brewery_type":"micro","address_1":"9366 Cabot Dr","address_2":null,"address_3":null,"city":"San Diego","state_province":"California","postal_code":"92126-4311","country":"United States","longitude":-117.144171,"latitude":32.89146307,"phone":null,"website_url":null,"state":"California","street":"9366 Cabot Dr"},{"id":"0e8aa3fe-40d6-4d55-8d2f-2a3348f14421","name":"Mission Brewery","brewery_type":"micro","address_1":"1441 L St","address_2":null,"address_3":null,"city":"San Diego","state_province":"California","postal_code":"92101-8967","country":"United States","longitude":-117.0682152,"latitude":32.6220746,"phone":"6195440555","website_url":"http:\/\/www.missionbrewery.com","state":"California","street":"1441 L St"},{"id":"ab1d0e1c-87ce-4556-98af-8922c0d380ad","name":"Modern Times Barrel House","brewery_type":"micro","address_1":"3486 Kurtz St # 102","address_2":null,"address_3":null,"city":"San Diego","state_province":"California","postal_code":"92110-4429","country":"United States","longitude":-117.208725,"latitude":32.75539325,"phone":null,"website_url":null,"state":"California","street":"3486 Kurtz St # 102"},{"id":"bf0d31c6-6080-478a-9caf-164e6545931d","name":"Monkey Paw Brewing","brewery_type":"micro","address_1":"807 16th St","address_2":null,"address_3":null,"city":"San Diego","state_province":"California","postal_code":"92101-6610","country":"United States","longitude":-117.149375,"latitude":32.71384441,"phone":"6198672226","website_url":"http:\/\/www.monkeypawbrewing.com","state":"California","street":"807 16th St"},{"id":"31b2f8e2-17c1-4344-aeb1-93575d3d5f79","name":"New English Brewing Co Inc","brewery_type":"micro","address_1":"11545 Sorrento Valley Rd Ste 305","address_2":null,"address_3":null,"city":"San Diego","state_province":"California","postal_code":"92121-1322","country":"United States","longitude":-117.230519,"latitude":32.912641,"phone":"6198578023","website_url":"http:\/\/www.newenglishbrewing.com","state":"California","street":"11545 Sorrento Valley Rd Ste 305"},{"id":"2a85f041-c3d9-4062-831a-9bf2eb9a9127","name":"North Park Beer Co.","brewery_type":"micro","address_1":"3038 University Ave","address_2":null,"address_3":null,"city":"San Diego","state_province":"California","postal_code":"92104-3002","country":"United States","longitude":-117.129137,"latitude":32.748724,"phone":"6192552946","website_url":"http:\/\/www.northparkbeerco.com","state":"California","street":"3038 University Ave"},{"id":"21446025-be15-4477-9ef8-e4686bc7ec90","name":"Pariah Brewing Company","brewery_type":"micro","address_1":"3052 El Cajon Blvd Ste B","address_2":null,"address_3":null,"city":"San Diego","state_province":"California","postal_code":"92104-1618","country":"United States","longitude":-117.1286268,"latitude":32.75594166,"phone":"6196420545","website_url":"http:\/\/www.pariahbrewingco.com","state":"California","street":"3052 El Cajon Blvd Ste B"},{"id":"de95f5a9-4958-4474-9d7a-061f4d7f6c17","name":"Poor House Brewing","brewery_type":"micro","address_1":"4494 30th St","address_2":null,"address_3":null,"city":"San Diego","state_province":"California","postal_code":"92116-4287","country":"United States","longitude":-117.130404,"latitude":32.758977,"phone":"8587699070","website_url":"http:\/\/www.poorhousebrew.com","state":"California","street":"4494 30th St"},{"id":"fe7b2d32-800c-456c-b969-b9b2def948ed","name":"Protector Brewery","brewery_type":"micro","address_1":"8680 Miralani Dr Ste 128","address_2":null,"address_3":null,"city":"San Diego","state_province":"California","postal_code":"92126-6392","country":"United States","longitude":-117.137429,"latitude":32.896584,"phone":"8587579160","website_url":"http:\/\/www.protectorbrewery.com","state":"California","street":"8680 Miralani Dr Ste 128"},{"id":"7f1de675-59d2-4c2f-992a-9a3092084b33","name":"Pure Project","brewery_type":"micro","address_1":"9030 Kenamar Dr Ste 308","address_2":null,"address_3":null,"city":"San Diego","state_province":"California","postal_code":"92121-2432","country":"United States","longitude":-117.1555351,"latitude":32.88830151,"phone":"8582526143","website_url":"http:\/\/www.purebrewing.org","state":"California","street":"9030 Kenamar Dr Ste 308"},{"id":"ac19d512-0d7c-4821-a198-1bc0dec4e9cc","name":"Quantum Brewing Co","brewery_type":"micro","address_1":"5375 Kearny Villa Rd Ste 116","address_2":null,"address_3":null,"city":"San Diego","state_province":"California","postal_code":"92123-1422","country":"United States","longitude":-117.1170304,"latitude":32.8901624,"phone":"8582546481","website_url":"http:\/\/www.quantumbrewingsd.com","state":"California","street":"5375 Kearny Villa Rd Ste 116"},{"id":"d02410fa-2ca6-461d-8879-6c11270a1390","name":"Resident Brewing","brewery_type":"micro","address_1":"411 C St","address_2":null,"address_3":null,"city":"San Diego","state_province":"California","postal_code":"92101-5105","country":"United States","longitude":-117.1608785,"latitude":32.71667995,"phone":"6197176622","website_url":"http:\/\/www.residentbrewing.com","state":"California","street":"411 C St"},{"id":"47dc6ef6-fb3a-445a-9051-36aab7679744","name":"Rough Draft Brewing","brewery_type":"micro","address_1":"8830 Rehco Rd Ste D","address_2":null,"address_3":null,"city":"San Diego","state_province":"California","postal_code":"92121-3263","country":"United States","longitude":-117.1716977,"latitude":32.88370283,"phone":"8584537238","website_url":"http:\/\/www.roughdraftbrew.com","state":"California","street":"8830 Rehco Rd Ste D"},{"id":"c098878d-1e3d-4eb0-9d15-df944e2fbdbb","name":"Savagewood Brewing Company","brewery_type":"micro","address_1":"9879 Hibert St Ste F","address_2":null,"address_3":null,"city":"San Diego","state_province":"California","postal_code":"92131-1058","country":"United States","longitude":-117.1130008,"latitude":32.91329511,"phone":"8585770350","website_url":"http:\/\/www.savagewoodbrewing.com","state":"California","street":"9879 Hibert St Ste F"},{"id":"0abde004-c1ab-451f-9cb0-f7b3cce45477","name":"Second Chance Beer Company","brewery_type":"micro","address_1":"15378 Ave of Science Ste 222","address_2":null,"address_3":null,"city":"San Diego","state_province":"California","postal_code":"92128-3451","country":"United States","longitude":-117.082033,"latitude":32.994888,"phone":"8587056250","website_url":"http:\/\/www.secondchancebeer.com","state":"California","street":"15378 Ave of Science Ste 222"},{"id":"cdab7b3e-8fbe-430f-9303-5399b1fc15df","name":"Societe Brewing Company","brewery_type":"micro","address_1":"Societe Brewing Company 8262 Clairemont Mesa Blvd","address_2":null,"address_3":null,"city":"San Diego","state_province":"California","postal_code":"92111-1702","country":"United States","longitude":-117.1463568,"latitude":32.8338146,"phone":"7138161157","website_url":null,"state":"California","street":"Societe Brewing Company 8262 Clairemont Mesa Blvd"},{"id":"11074879-0fa1-4bbb-956e-d3d00a47262b","name":"Thorn Brewing Co","brewery_type":"micro","address_1":"1745 National Ave.","address_2":null,"address_3":null,"city":"San Diego","state_province":"California","postal_code":"92113-1010","country":"United States","longitude":-117.147735,"latitude":32.702171,"phone":null,"website_url":null,"state":"California","street":"1745 National Ave."},{"id":"687e4cd5-76a2-4d9b-9ec8-78af03aa2027","name":"Thorn Street Brewery","brewery_type":"micro","address_1":"3174 Thorn St","address_2":null,"address_3":null,"city":"San Diego","state_province":"California","postal_code":"92104-4636","country":"United States","longitude":-117.125379,"latitude":32.739337,"phone":"6195012739","website_url":"http:\/\/www.thornstreetbrew.com","state":"California","street":"3174 Thorn St"},{"id":"e914f95d-c014-4040-ada8-a73c4f3f37bc","name":"Thunderhawk Alements","brewery_type":"micro","address_1":"8675 Miralani Dr Ste 100","address_2":null,"address_3":null,"city":"San Diego","state_province":"California","postal_code":"92126-4355","country":"United States","longitude":-117.137467,"latitude":32.89575006,"phone":"6199524832","website_url":"http:\/\/thunderhawkbeer.com","state":"California","street":"8675 Miralani Dr Ste 100"},{"id":"b2795e99-d7db-4d9d-909a-4a72f1d8bf74","name":"White Labs Tasting Room","brewery_type":"micro","address_1":"9495 Candida St","address_2":null,"address_3":null,"city":"San Diego","state_province":"California","postal_code":"92126-4541","country":"United States","longitude":-117.121435,"latitude":32.895843,"phone":"8586933441","website_url":"http:\/\/www.whitelabs.com","state":"California","street":"9495 Candida St"}]